{"cameraMode":{"drawMode":0,"name":"Shaded","section":"Shading Mode"},"sceneLighting":true,"audioPlay":false,"sceneViewState":{"m_AlwaysRefresh":false,"showFog":true,"showSkybox":true,"showFlares":true,"showImageEffects":true,"showParticleSystems":true,"showVisualEffectGraphs":true,"m_FxEnabled":true},"in2DMode":false,"pivot":{"x":-6.182946681976318,"y":1.0122480392456055,"z":-6.8241167068481449},"rotation":{"x":0.051150549203157428,"y":-0.6632176041603088,"z":-0.045781806111335757,"w":-0.7454197406768799},"size":-0.8667551875114441,"orthographic":false}