{"cameraMode":{"drawMode":0,"name":"Shaded","section":"Shading Mode"},"sceneLighting":false,"audioPlay":false,"sceneViewState":{"m_AlwaysRefresh":false,"showFog":true,"showSkybox":false,"showFlares":true,"showImageEffects":true,"showParticleSystems":true,"showVisualEffectGraphs":true,"m_FxEnabled":true},"in2DMode":false,"pivot":{"x":0.4063887596130371,"y":1.3509998321533204,"z":1.5338611602783204},"rotation":{"x":0.0003521135658957064,"y":-0.9985557198524475,"z":-0.005682698450982571,"w":-0.05494580790400505},"size":12.12435531616211,"orthographic":false}